plataforma,total_posts,media_engajamento,media_ctr,total_likes
Instagram,2500,0.1503522,0.0,62800527
Medium,2500,0.13159924,0.0,10729289
YouTube,2500,0.08978799999999999,0.0,75525196
LinkedIn,2500,0.07892935999999999,0.0,3313735
